PassengerId,Transported
0119_02,0.987522281639929
0003_01,0.215686274509804
0056_03,0.618538324420677
0871_01,0.686868686868687
8363_01,0.175876411170529
8363_02,0.095068330362448
8656_01,0.0564468211527035
8719_03,0.873440285204991
1860_02,0.35650623885918
1539_01,0.72311348781937
2506_03,0.343434343434343
2547_02,0.0641711229946524
1661_03,0.992869875222816
2628_01,0.994058229352347
2628_02,0.200831847890671
2693_02,0.209150326797386
2693_01,0.191325014854427
1854_01,0.593582887700535
2086_01,0.597147950089127
3204_01,0.153297682709447
3204_02,0.234699940582294
2215_04,0.409982174688057
0255_01,0.986928104575163
3364_01,0.190136660724896
4050_01,0.144979203802733
2964_01,0.210932857991682
2988_01,0.143790849673203
4258_03,0.588235294117647
3487_01,0.124777183600713
0753_01,0.995840760546643
3732_01,0.814616755793226
4974_01,0.0938799762329174
5469_01,0.973856209150327
4179_01,0.764111705288176
4182_02,0.0730837789661319
4182_03,0.26797385620915
4182_01,0.158645276292335
5811_02,0.184789067142008
4465_01,0.990493166963755
6028_02,0.202614379084967
6028_01,0.166369578134284
6111_01,0.990493166963755
6111_03,0.994652406417112
6191_01,0.991087344028521
6191_03,0.998811645870469
0799_01,0.453357100415924
6201_01,0.332739156268568
6271_01,0.756387403446227
5266_01,0.182412358882947
6582_01,0.412953060011884
6708_02,0.80154486036839
6708_01,0.769459298871064
6873_01,0.269756387403446
6279_01,0.270350564468212
7097_02,0.468211527035056
6360_03,1
6400_01,0.468805704099822
0789_01,0.178847296494355
7455_01,0.221033868092692
6512_02,0.997623291740939
6729_02,0.997623291740939
7609_01,0.101604278074866
7609_02,0.994652406417112
6827_03,0.998811645870469
8032_02,0.98098633392751
8569_01,0.717171717171717
8572_01,0.114081996434938
1243_01,0.214497920380273
7431_01,0.431372549019608
7748_01,0.619132501485443
9085_03,0.986928104575163
9275_03,0.540106951871658
8043_02,0.431372549019608
8220_01,0.757575757575758
0008_02,0.990493166963755
0008_03,0.601901366607249
0340_01,0.998217468805704
3102_01,0.997029114676174
3103_01,0.1592394533571
3391_01,0.986333927510398
3474_01,0.980392156862745
3474_04,0.989304812834225
3020_01,0.065359477124183
3071_02,0.130718954248366
3619_01,0.183006535947712
3620_01,0.967320261437909
3679_01,0.929887106357695
3126_02,0.821152703505645
3747_02,1
3747_03,0.153297682709447
3229_01,0.641117052881759
3749_01,0.986928104575163
3282_01,0.996434937611408
3282_02,1
3292_04,0.872846108140226
3292_02,0.19726678550208
3292_03,1
3318_03,0.876411170528818
3318_01,0.510398098633393
3337_01,0.998217468805704
3439_04,0.146761734997029
4166_02,0.859180035650624
3450_02,0.267379679144385
4216_02,0.999405822935235
4312_01,0.160427807486631
0453_03,0.995246583481878
4333_01,0.1883541295306
3662_01,0.471776589423648
4441_03,0.592988710635769
4441_01,0.98989898989899
3681_01,0.992869875222816
3681_02,0.231729055258467
4469_02,0.148544266191325
3870_01,0.992869875222816
0454_02,0.998811645870469
4542_01,0.996434937611408
4569_02,0.0879382055852644
4613_01,0.994058229352347
4066_01,0.370172311348782
4690_01,0.994058229352347
4786_01,0.978015448603684
4930_02,0.784313725490196
4177_01,0.986928104575163
5006_01,0.995840760546643
4386_02,0.5650623885918
4422_01,0.987522281639929
4446_03,0.994058229352347
5217_01,0.999405822935235
4511_02,0.997623291740939
4511_01,0.995246583481878
0417_03,0.995840760546643
0498_01,0.999405822935235
5301_02,0.999405822935235
4581_01,0.345811051693405
4625_06,0.265002970885324
4625_03,0.779560308972074
4645_02,0.998217468805704
5466_03,0.917409387997623
5488_04,0.998217468805704
5568_01,0.18716577540107
0504_06,0.988710635769459
5602_01,0.997029114676174
4841_03,0.137254901960784
5768_01,0.999405822935235
5769_02,1
4891_01,1
0433_01,0.778966131907308
5254_04,0.95959595959596
5254_02,0.999405822935235
5957_01,0.998811645870469
5353_02,0.683303624480095
6173_01,0.991681521093286
0446_01,0.998811645870469
5497_01,0.998811645870469
6372_02,0.425430778371955
6623_01,0.998217468805704
5721_02,0.265597147950089
0471_02,0.776589423648247
6656_01,0.996434937611408
6665_04,0.177064765300059
6706_02,0.998811645870469
5878_01,0.995840760546643
5930_03,1
6858_03,0.0873440285204991
5970_01,1
0534_01,0.0808080808080808
5977_04,0.336898395721925
6027_01,0.896019013666073
6991_01,0.180035650623886
6117_01,0.235888294711824
6153_01,1
6215_02,0.109922756981581
7518_02,0.212715389185977
7565_03,0.0617944147355912
6305_01,0.999405822935235
0689_01,0.997029114676174
6472_01,0.997623291740939
7667_01,0.996434937611408
7693_02,0.879976232917409
6561_02,0.95959595959596
6583_01,0.741532976827095
7943_01,0.958407605466429
6779_03,0.986333927510398
6779_02,0.996434937611408
7972_01,1
7982_02,0.810457516339869
7982_01,1
8025_01,0.788472964943553
6950_02,0.982174688057041
0756_02,0.136066547831254
7167_01,0.241235888294712
8394_01,0.0576351752822341
7395_02,0.996434937611408
8503_03,0.995840760546643
0769_01,0.995840760546643
8556_01,0.166369578134284
8675_01,0.964349376114082
7503_01,0.984551396316102
8867_02,0.977421271538919
7584_02,1
8989_03,0.994652406417112
8989_02,0.995840760546643
7697_02,0.999405822935235
9069_04,0.329174093879976
0201_02,0.997029114676174
9205_01,0.966131907308378
7787_02,0.995246583481878
0845_01,0.219845513963161
7929_01,0.0998217468805704
7988_01,0.92156862745098
8015_02,0.0303030303030303
8115_02,0.994058229352347
8115_01,0.978015448603684
8117_03,0.999405822935235
0768_02,0.998217468805704
8268_02,0.115270350564468
8354_01,0.981580510992276
8360_02,0.994652406417112
8398_02,0.993464052287582
8524_01,0.992275698158051
0907_01,0.173499702911468
8816_02,0.995840760546643
8816_01,0.98098633392751
9149_01,0.968508615567439
0923_02,0.989304812834225
1112_01,0.820558526440879
1075_01,0.992275698158051
1075_02,0.999405822935235
1154_02,0.997623291740939
1127_01,0.997623291740939
1424_01,0.997623291740939
1161_01,0.659536541889483
0110_01,0.141414141414141
0110_02,0.26678550207962
1292_01,0.383838383838384
2196_01,0.0932857991681521
2196_03,0.999405822935235
1532_01,0.260843731431967
2315_01,0.998811645870469
2327_01,0.374331550802139
1671_01,0.107546048722519
2526_01,0.997029114676174
1700_02,0.133689839572193
1770_01,0.997623291740939
0163_02,0.997029114676174
1976_04,0.294711824123589
1976_07,0.94949494949495
1976_02,0.201426024955437
2684_01,0.196078431372549
2040_02,0.999405822935235
2040_01,0.995246583481878
2790_03,0.243612596553773
2790_04,0.216874628639335
2114_01,0.998811645870469
2871_01,0.999405822935235
0316_01,0.770053475935829
0316_02,0.997029114676174
2279_01,0.236482471776589
2995_02,1
2594_01,0.994652406417112
2938_01,0.993464052287582
2737_02,0.202020202020202
2737_01,0.486631016042781
3001_01,0.172905525846702
3001_02,0.550802139037433
3029_01,0.23767082590612
2834_01,0.221033868092692
2858_02,0.988710635769459
3323_02,0.997029114676174
3543_02,0.997623291740939
3081_01,0.477124183006536
3622_01,0.996434937611408
0289_01,0.992275698158051
3225_02,0.77243018419489
3254_01,0.696375519904932
3699_03,0.995840760546643
3279_03,0.998811645870469
3279_04,0.998217468805704
3353_04,0.645276292335116
3353_03,0.339275103980986
3353_01,0.249554367201426
3475_02,0.247177658942365
3495_03,0.998811645870469
3495_04,0.994058229352347
3495_01,0.784313725490196
4031_01,0.992869875222816
4181_01,0.894236482471777
3713_01,0.997623291740939
3776_01,0.66250742721331
4359_03,0.345811051693405
3850_05,0.991681521093286
4553_01,0.171122994652406
4594_02,0.171122994652406
4595_01,0.998811645870469
4631_01,1
4142_01,0.995246583481878
4677_01,0.412953060011884
4336_02,0.994652406417112
4338_03,0.732620320855615
4338_01,0.838978015448604
5060_03,0.289364230540701
4352_02,0.847296494355318
4371_03,0.997623291740939
5174_01,0.999405822935235
0510_01,0.633986928104575
4428_01,0.50445632798574
5344_02,1
5347_01,0.219251336898396
4563_01,0.999405822935235
4570_01,0.998217468805704
4606_01,0.244800950683304
4606_02,0.19726678550208
5543_01,0.997623291740939
4632_01,0.996434937611408
4642_01,0.248960190136661
4668_01,0.999405822935235
6064_01,0.286393345216875
6109_02,1
4726_03,0.2174688057041
4726_05,0.328579916815211
6126_01,0.998811645870469
4756_02,1
6130_01,0.693404634581105
4782_03,0.193107546048723
4873_01,0.264408793820559
6299_01,0.734997029114676
6304_01,0.695781342840166
6321_02,0.45632798573975
6340_01,0.545454545454545
5061_02,0.912061794414736
6421_01,1
5112_01,1
5115_01,1
5266_02,0.429590017825312
5292_01,0.907308377896613
5367_03,0.500891265597148
0571_01,0.985739750445633
5459_01,0.383244206773619
6725_01,0.16815210932858
6747_01,0.997029114676174
5839_01,0.998217468805704
0570_01,0.490790255496138
5842_01,1
5960_03,1
5991_01,0.260249554367201
6036_02,0.32620320855615
6036_03,0.464646464646465
6988_02,0.727272727272727
7015_01,0.997623291740939
7104_01,0.132501485442662
7104_02,0.538324420677362
0661_01,0.443850267379679
6139_04,0.996434937611408
6139_06,0.995246583481878
6139_01,0.787284610814023
7188_02,0.047534165181224
7188_03,0.993464052287582
7219_04,0.199049316696376
7314_01,0.79263220439691
7361_01,0.998217468805704
7560_01,0.869281045751634
7614_01,1
6641_01,0.998217468805704
6641_02,0.999405822935235
6734_03,0.994652406417112
6734_01,0.587046939988116
0642_05,0.995840760546643
6754_01,0.507427213309566
6921_05,0.999405822935235
6967_01,0.165181224004753
7941_01,0.581105169340463
7096_02,0.289364230540701
7267_01,0.977421271538919
7330_01,0.319073083778966
7353_02,0.991087344028521
7402_01,0.476530005941771
8276_01,0.987522281639929
8456_01,0.992275698158051
8470_01,0.0558526440879382
8487_01,0.183006535947712
7594_01,0.998217468805704
8495_01,0.343434343434343
8596_02,0.999405822935235
8673_01,0.997029114676174
7692_01,0.224598930481283
7728_01,0.108140225787285
7782_02,0.201426024955437
7897_01,0.995246583481878
8959_01,0.978015448603684
0074_01,0.767082590612002
8970_01,0.130718954248366
8010_01,0.726678550207962
8122_03,0.0558526440879382
9131_02,0.98098633392751
9131_01,0.43612596553773
8173_01,0.636363636363636
8202_05,0.241830065359477
8203_01,0.202020202020202
9197_02,0.127153891859774
9202_01,0.389780154486037
8322_02,0.997623291740939
8646_01,0.995840760546643
8646_02,0.0825906120023767
8696_01,0.984551396316102
8843_01,0.225787284610814
8862_04,0.998217468805704
9068_01,0.0683303624480095
9196_02,0.414735591206179
0995_01,0.992869875222816
1148_01,0.983957219251337
1177_01,0.996434937611408
1261_01,0.212715389185977
1452_05,0.991087344028521
1417_01,0.265002970885324
1540_02,0.626856803327392
1444_01,0.588829471182412
0245_02,0.341057635175282
1592_02,0.780154486036839
1632_01,0.997029114676174
1767_04,1
1959_01,0.992275698158051
1781_01,0.939988116458705
2053_01,0.24777183600713
1816_02,0.869281045751634
1882_01,0.808080808080808
1882_02,0.998217468805704
1931_01,0.997623291740939
1969_01,0.136660724896019
2071_01,0.220439691027926
2274_01,0.998811645870469
0203_01,0.994652406417112
2306_06,0.28698752228164
2306_05,0.995840760546643
2475_01,0.0730837789661319
2404_01,0.192513368983957
2518_02,1
0391_01,0.538918597742127
0206_01,0.537136066547831
2573_01,1
2675_01,0.438502673796791
0034_01,0.992869875222816
0291_01,0.420083184789067
3158_01,0.0647653000594177
3189_01,0.937611408199644
3091_01,0.146761734997029
3091_02,0.979203802733215
3096_01,0.295306001188354
3305_02,0.201426024955437
3332_03,0.961972667855021
3419_01,0.0932857991681521
3488_01,0.90136660724896
3490_02,0.116458704693999
3592_01,0.533571004159239
3608_02,0.988116458704694
3608_03,0.98989898989899
3636_01,0.0487225193107546
3645_03,0.945335710041592
3645_04,0.950089126559715
3862_04,0.417112299465241
3932_02,0.595365418894831
0398_01,0.197860962566845
4068_01,0.195484254307784
4084_01,0.383244206773619
4090_01,0.682115270350565
4191_01,0.0623885918003565
4172_07,0.770053475935829
4490_01,0.701128936423054
4357_01,0.210932857991682
4818_01,0.406417112299465
4483_01,0.0742721330956625
4680_01,0.245395127748069
5161_01,0.908496732026144
4932_01,0.433749257278669
5354_01,0.218062982768865
5408_01,0.0944741532976827
5500_01,0.155080213903743
5802_01,0.23767082590612
5814_05,0.876411170528818
5814_02,0.944147355912062
5814_03,0.967320261437909
5814_07,0.8116458704694
5686_01,0.19726678550208
5794_01,0.0707070707070707
5976_01,0.39572192513369
0500_01,0.594771241830065
0549_01,0.276292335115865
6313_01,0.181224004753417
6211_01,0.101010101010101
6433_02,0.94949494949495
6262_02,0.134284016636958
0107_01,0.170528817587641
6748_04,0.212715389185977
6865_02,0.994652406417112
6711_01,0.54486036838978
6789_01,0.153297682709447
6891_01,0.409982174688057
7022_02,0.330956625074272
7056_01,0.159833630421866
7157_01,0.90136660724896
7351_01,0.997029114676174
7051_01,0.279263220439691
7492_01,0.857991681521093
7290_03,0.998217468805704
7290_01,0.995246583481878
7290_04,0.0956625074272133
7937_01,0.13784907902555
7937_02,0.998811645870469
7944_01,0.117052881758764
8072_01,0.953654188948307
7569_02,0.0903149138443256
8092_03,0.456922162804516
7576_01,0.568627450980392
7628_02,0.0790255496137849
7721_01,0.812240047534165
8344_02,0.347593582887701
8031_01,0.970291146761735
8133_01,0.071301247771836
8395_01,0.0808080808080808
8468_01,0.199643493761141
8589_01,0.140819964349376
8842_01,0.653000594177065
8783_02,0.926322043969103
8852_01,0.90136660724896
8987_01,0.991681521093286
8992_01,0.531194295900178
9021_02,0.0796197266785502
9034_03,0.137254901960784
0128_01,0.152703505644682
0686_02,0.209744503862151
0881_01,0.204991087344029
0992_02,0.121806298276887
1089_01,0.997029114676174
1089_02,0.357694592988711
1426_01,0.996434937611408
1330_02,0.551396316102198
1330_01,0.249554367201426
1357_01,0.894236482471777
1383_01,0.98989898989899
0133_02,0.17825311942959
1829_02,0.527035056446821
1590_01,0.763517528223411
1892_02,0.262626262626263
1892_01,0.331550802139037
1907_01,0.490196078431373
1704_01,0.219845513963161
1704_02,0.626262626262626
1916_01,0.982174688057041
1709_02,0.0439691027926322
1709_06,0.254307783719548
1857_01,0.611408199643494
2310_03,0.105763517528223
2310_04,0.995246583481878
2092_03,0.243612596553773
2365_01,0.986928104575163
2099_01,0.798573975044563
2443_01,0.0724896019013666
2595_03,0.172905525846702
2308_02,0.304812834224599
2308_01,0.988710635769459
2356_03,0.941176470588235
2736_01,0.0451574569221628
2783_02,0.210338680926916
2467_01,0.0760546642899584
2508_02,0.997623291740939
2865_02,0.241830065359477
2865_01,0.0623885918003565
0275_01,0.998217468805704
2697_01,0.041592394533571
2722_01,0.903149138443256
3111_01,0.0481283422459893
3060_02,0.113487819370172
3062_01,0.313725490196078
1360_01,0.596553773024361
1802_01,0.0540701128936423
0173_01,0.490790255496138
1457_01,0.147355912061794
1908_01,0.0588235294117647
1945_01,0.525252525252525
1688_01,0.319667260843731
1705_01,0.216874628639335
0221_06,0.350564468211527
0221_07,0.78134284016637
1763_01,0.816399286987522
2234_04,0.459298871063577
1806_01,0.20736779560309
2368_01,0.0980392156862745
2421_01,0.13903743315508
2453_01,0.236482471776589
2052_01,0.490790255496138
2537_01,0.224598930481283
2092_02,0.0944741532976827
2565_02,0.0790255496137849
2198_01,0.599524658348188
2228_01,0.0825906120023767
2625_02,0.145573380867499
2273_01,0.164587046939988
2741_01,0.0980392156862745
2374_01,0.507427213309566
2445_01,0.203208556149733
2966_01,0.467023172905526
2666_01,0.606654783125371
3019_01,0.0707070707070707
2738_01,0.0398098633392751
0306_01,0.31610219845514
3217_01,0.443256090314914
3236_03,0.0790255496137849
3161_01,0.361853832442068
3422_01,0.964349376114082
3562_01,0.1883541295306
3212_01,0.0552584670231729
3238_01,0.404634581105169
3625_01,0.470588235294118
0375_01,0.352346999405823
3702_01,0.329174093879976
3761_01,0.141414141414141
3817_01,0.180035650623886
3895_03,0.581699346405229
3899_01,0.934046345811052
3485_03,0.770647653000594
3539_01,0.243018419489008
4034_01,0.344622697563874
4082_01,0.415329768270945
3798_01,0.924539512774807
4143_01,0.279857397504456
0427_01,0.609625668449198
4168_02,0.179441473559121
4222_02,0.0576351752822341
3928_01,0.165181224004753
3928_02,0.945929887106358
4301_01,0.953060011883541
0448_01,0.251336898395722
4315_01,0.235888294711824
4349_01,0.16815210932858
4223_02,0.195484254307784
4354_01,0.225193107546049
4372_02,0.0766488413547237
4424_01,0.0778371954842543
0475_01,0.191325014854427
0499_02,0.41592394533571
4649_01,0.0897207367795603
4710_02,0.71182412358883
4733_01,0.522875816993464
4547_01,0.196078431372549
4634_01,0.378490790255496
0064_02,0.480095068330362
0477_01,0.134878193701723
4754_01,0.31610219845514
4780_01,0.130124777183601
0503_03,0.102792632204397
4904_01,0.232917409387998
5154_01,0.169340463458111
5187_01,0.0718954248366013
5051_01,0.0451574569221628
5065_01,0.950089126559715
0523_01,0.685680332739156
5320_02,0.441473559120618
5207_01,0.296494355317885
5225_01,0.221033868092692
5362_01,0.983957219251337
5366_01,0.971479500891266
0575_01,0.957813428401664
5372_01,0.259061200237671
5392_01,0.116458704693999
5455_01,0.191919191919192
0589_01,0.42483660130719
5625_03,0.0344622697563874
5625_05,0.200831847890671
0548_01,0.42483660130719
5692_01,0.170528817587641
5540_01,0.467617349970291
5750_01,0.316696375519905
5603_01,0.0564468211527035
5887_01,0.422459893048128
5793_01,0.932857991681521
5903_01,0.165181224004753
5956_01,0.0701128936423054
0644_01,0.961972667855021
5915_01,0.0932857991681521
5916_01,0.519904931669638
5938_01,0.427213309566251
5941_01,0.573380867498515
0655_01,0.512774806892454
6166_01,0.0647653000594177
6029_01,0.234105763517528
6316_01,0.352346999405823
6363_05,0.510992275698158
6163_01,0.167557932263815
6456_01,0.323826500297089
6478_01,0.0332739156268568
6218_02,0.0641711229946524
6230_01,0.121806298276887
6557_01,0.0766488413547237
0710_01,0.0754604872251931
6674_02,0.902554961378491
6674_01,0.162210338680927
6674_03,0.932263814616756
6675_02,0.196672608437314
0635_02,0.168746286393345
6458_01,0.322638146167558
6761_02,0.177658942364825
6850_03,0.199049316696376
6530_01,0.58407605466429
6854_01,0.157456922162805
6882_02,0.195484254307784
6978_01,0.480095068330362
6810_02,0.490790255496138
6814_01,0.590612002376708
6833_01,0.0499108734402852
7094_01,0.474747474747475
6844_01,0.409982174688057
6905_02,0.135472370766488
7216_01,0.540106951871658
7233_01,0.342245989304813
7252_01,0.477124183006536
7268_01,0.0701128936423054
7082_01,0.111111111111111
7142_03,0.756387403446227
7156_01,0.691622103386809
7156_02,0.588829471182412
7346_01,0.368389780154486
7393_01,0.095068330362448
0688_01,0.0445632798573975
7256_01,0.487819370172311
7494_01,0.203802733214498
7303_01,0.152109328579917
0691_03,0.473559120617944
7599_01,0.150920974450386
7696_01,0.0998217468805704
0138_02,0.20855614973262
7577_01,0.230540701128936
7741_02,0.6232917409388
7842_01,0.411764705882353
7868_01,0.169340463458111
7894_01,0.407605466428996
8088_01,0.0849673202614379
7952_02,0.152109328579917
0968_01,0.203802733214498
8335_01,0.0944741532976827
8034_01,0.609625668449198
8055_01,0.587641117052882
8064_01,0.289958407605466
8465_01,0.315508021390374
8287_01,0.0499108734402852
8554_01,0.520499108734403
8381_01,0.0932857991681521
8637_03,0.334521687462864
8729_01,0.32739156268568
0772_04,0.847890671420083
8749_01,0.0421865715983363
8606_03,0.195484254307784
8821_01,0.373143196672608
8615_01,0.244206773618538
8845_02,0.145573380867499
8860_04,0.0308972073677956
8658_01,0.461081402257873
8811_01,0.279263220439691
9032_01,0.410576351752822
8910_01,0.127153891859774
9185_01,0.355912061794415
8981_01,0.371360665478313
8986_01,0.180035650623886
9241_01,0.291740938799762
9079_01,0.136660724896019
9111_01,0.0558526440879382
9124_01,0.338680926916221
1100_04,0.180629827688651
1117_01,0.126559714795009
0127_01,0.350564468211527
0960_01,0.204991087344029
1199_01,0.414735591206179
0988_02,0.263220439691028
1239_01,0.303030303030303
1264_01,0.234105763517528
1114_02,0.367201426024955
1130_01,0.561497326203209
1304_03,0.660724896019014
1304_01,0.717171717171717
1228_02,0.528223410576352
1308_03,0.101010101010101
1308_02,0.131907308377897
1325_03,0.587046939988116
1325_02,0.320855614973262
1578_01,0.169340463458111
0002_01,0.197860962566845
0009_01,0.530005941770648
0045_02,0.972667855020796
0038_01,0.320261437908497
5218_01,0.185383244206774
4916_01,1
4924_01,0.289958407605466
5223_01,0.588829471182412
5223_02,0.998811645870469
5224_01,0.228758169934641
5244_01,0.1883541295306
4939_01,0.651812240047534
4941_01,0.0926916221033868
5253_01,0.611408199643494
5268_01,0.599524658348188
4983_01,0.0920974450386215
4992_01,0.535947712418301
5304_01,0.0463458110516934
5325_01,0.474153297682709
5025_01,0.0606060606060606
5374_01,0.789661319073084
0476_02,0.996434937611408
5379_01,0.115270350564468
5402_01,0.05941770647653
5087_01,0.0493166963755199
5425_01,0.120023767082591
5095_01,0.999405822935235
5097_03,0.487225193107546
5453_01,0.20855614973262
5128_02,0.92038027332145
5133_04,0.464646464646465
5142_02,0.0433749257278669
5526_01,0.437908496732026
5206_02,0.395127748068925
5213_01,0.675579322638146
5234_01,0.718954248366013
5595_01,0.107546048722519
5251_01,0.464052287581699
5613_01,0.638146167557932
5273_01,0.784907902554961
5643_03,0.396316102198455
5274_01,0.290552584670232
5305_01,0.696969696969697
0517_01,0.0433749257278669
0583_01,0.972667855020796
5322_01,0.998811645870469
5326_01,1
5742_01,0.163398692810458
5764_01,0.795603089720737
5383_01,0.418300653594771
5795_01,0.679738562091503
5414_03,0.281045751633987
5820_01,0.568627450980392
5829_01,0.145573380867499
5416_01,0.980392156862745
5837_01,0.348781937017231
5847_01,0.117052881758764
5854_01,0.0784313725490196
5885_03,0.646464646464647
5443_01,0.382650029708853
5447_01,1
5949_02,0.997029114676174
5504_01,0.593582887700535
5981_02,0.988116458704694
5989_01,0.300653594771242
5530_02,0.994652406417112
6017_02,0.998811645870469
5531_01,0.24777183600713
6039_02,0.168746286393345
5544_01,0.0398098633392751
0647_02,0.986333927510398
6061_01,0.479500891265597
5589_01,0.418894830659537
6116_01,0.146167557932264
6143_01,0.439691027926322
5687_01,0.34640522875817
6156_01,0.140225787284611
6192_01,0.562091503267974
5728_01,0.115270350564468
6218_01,0.327985739750446
6224_01,0.31729055258467
5756_03,0.172905525846702
5756_05,0.83184789067142
6237_01,0.998217468805704
6239_01,0.109328579916815
6241_01,0.17825311942959
0585_01,0.993464052287582
5781_01,0.373737373737374
5800_01,0.325609031491384
5808_02,0.119429590017825
5809_01,0.26797385620915
6282_01,0.294117647058824
5849_01,0.223410576351753
5855_01,0.752822341057635
0587_01,0.13784907902555
6346_01,0.0457516339869281
5882_01,0.0730837789661319
6370_01,0.999405822935235
5900_02,1
6437_01,0.106951871657754
6448_01,0.339275103980986
5983_02,1
6463_01,0.0730837789661319
5988_01,0.0885323826500297
6022_01,0.140819964349376
6513_01,0.7825311942959
6523_01,0.937611408199644
6041_01,0.275103980986334
6572_01,0.376114081996435
6573_01,0.563279857397504
0699_01,0.944147355912062
6107_01,0.142602495543672
6598_01,0.999405822935235
6606_01,0.550802139037433
6123_01,0.995246583481878
0702_01,0.209744503862151
6630_01,0.610219845513963
6643_01,0.102198455139632
6174_01,0.422459893048128
6671_01,0.998217468805704
6681_01,0.541295306001188
6220_01,0.210932857991682
6234_01,0.330956625074272
6757_01,0.0808080808080808
6262_01,0.996434937611408
6762_01,0.502673796791444
6264_01,0.132501485442662
6764_01,0.175876411170529
6765_01,0.997623291740939
0062_01,0.340463458110517
6293_01,0.588235294117647
6300_01,1
6301_01,0.105169340463458
6326_01,0.0968508615567439
6863_01,0.719548425430778
6338_01,0.45513963161022
6880_01,0.0481283422459893
6356_01,0.0825906120023767
6892_01,0.374925727866904
6894_03,0.887700534759358
6374_01,0.0641711229946524
6901_01,0.321449792038027
6380_03,0.184789067142008
6940_01,0.508615567439097
6411_01,0.38562091503268
6980_01,0.170528817587641
6431_01,0.236482471776589
6452_01,0.358288770053476
6457_01,0.311942959001783
6468_02,0.995246583481878
0728_01,0.111705288175876
7010_02,0.0612002376708259
7041_01,0.998217468805704
7111_01,0.0600118835412953
0636_02,0.095068330362448
6593_01,0.393345216874629
7143_01,0.101604278074866
6608_01,0.109922756981581
6611_03,0.322043969102793
7165_01,0.997029114676174
7205_01,0.023767082590612
6672_02,0.973856209150327
7229_01,0.242424242424242
7240_01,0.842543077837196
7240_02,0.859774212715389
7247_01,0.0677361853832442
7249_02,0.935234699940582
6744_01,0.177064765300059
6744_02,0.029708853238265
6756_01,0.162210338680927
6758_01,0.360665478312537
6773_01,0.150920974450386
6774_03,0.737373737373737
7323_01,0.191919191919192
0665_01,0.472370766488414
6787_03,0.698752228163993
6787_02,0.80154486036839
6787_04,0.814616755793226
6792_01,0.748663101604278
7399_01,0.0724896019013666
6840_01,0.994058229352347
7427_01,0.730837789661319
6869_01,0.658942364824718
6903_01,0.136660724896019
6906_01,0.0623885918003565
7501_01,0.188948306595365
7515_02,0.9708853238265
0794_02,0.982174688057041
7542_01,0.150326797385621
6966_01,0.0623885918003565
6984_02,0.995840760546643
6996_01,0.335710041592395
6998_01,0.145573380867499
7029_01,0.730243612596554
7625_01,0.0392156862745098
0797_01,0.114081996434938
7048_01,0.176470588235294
7053_01,0.105763517528223
7085_01,0.680332739156269
7085_02,0.993464052287582
7090_01,0.434343434343434
7092_01,0.248960190136661
7099_01,0.223410576351753
7768_01,0.290552584670232
7162_01,0.19845513963161
7770_02,0.120617944147356
7778_01,0.0207961972667855
7791_01,0.185383244206774
7809_02,0.995246583481878
7227_01,0.157456922162805
7816_01,0.439691027926322
0712_01,0.0879382055852644
7250_01,0.783719548425431
7258_01,0.191919191919192
7863_01,0.684491978609626
0809_02,0.101010101010101
0809_04,0.948900772430184
7304_01,0.996434937611408
7935_01,0.162210338680927
7367_02,0.0600118835412953
7372_01,0.0867498514557338
8004_01,0.995840760546643
8005_03,0.165181224004753
7398_01,0.165181224004753
7419_02,0.614973262032086
0734_01,0.132501485442662
7448_01,0.253119429590018
7449_01,0.111705288175876
8060_01,0.144979203802733
7475_01,0.996434937611408
8068_01,0.0998217468805704
7498_03,0.535947712418301
7498_02,0.998217468805704
0736_01,0.235294117647059
7521_01,0.121806298276887
8168_04,0.170528817587641
8168_01,0.451574569221628
8194_01,0.409982174688057
8217_01,0.0808080808080808
7578_01,0.165775401069519
8235_01,0.111705288175876
8238_01,0.137254901960784
7604_02,0.148544266191325
0824_01,0.190730837789661
7620_01,0.421865715983363
8272_02,0.990493166963755
8272_01,0.991681521093286
8295_01,0.0255496137849079
8298_01,0.986928104575163
7689_01,0.145573380867499
7691_01,0.997029114676174
7709_01,0.124777183600713
8369_01,0.996434937611408
0776_01,0.49435531788473
7747_01,0.429590017825312
7761_01,0.0647653000594177
8410_01,0.332739156268568
8421_01,0.480095068330362
7802_01,0.0926916221033868
8423_01,0.029708853238265
7824_01,0.0766488413547237
8438_01,0.364230540701129
8451_02,0.997623291740939
7841_02,0.281045751633987
7858_02,0.111111111111111
8463_01,0.48425430778372
7910_01,0.319073083778966
7918_01,0.991087344028521
7924_01,0.105169340463458
8537_02,0.0926916221033868
7936_01,0.430184194890077
0785_01,0.122994652406417
7984_01,0.98098633392751
8574_01,0.998217468805704
8574_05,0.987522281639929
8584_01,0.0724896019013666
8606_02,0.107546048722519
8003_01,0.885323826500297
0788_01,0.268568033273916
8641_01,0.978609625668449
8644_02,0.171122994652406
8083_01,0.188948306595365
8088_02,0.100415923945336
8103_01,0.289958407605466
8669_01,0.0457516339869281
8695_01,0.464646464646465
8717_01,0.165775401069519
8720_01,0.628639334521687
8732_01,0.387997623291741
8759_01,0.113487819370172
8252_01,0.166963755199049
8270_01,0.575757575757576
8280_01,0.574569221628045
8281_01,0.204991087344029
8796_02,0.238265002970885
8796_07,0.310160427807487
8823_01,0.998811645870469
8318_02,0.207961972667855
8318_01,0.991681521093286
8319_01,0.432560903149138
8343_01,0.225193107546049
8864_01,0.998811645870469
8881_01,0.618538324420677
8362_01,0.235888294711824
8938_01,0.994652406417112
8947_01,0.998811645870469
8447_01,0.116458704693999
8964_01,0.0332739156268568
8465_02,0.992275698158051
8972_01,0.997029114676174
8986_02,0.221033868092692
8988_05,0.486631016042781
9001_01,0.661913250148544
8508_03,0.990493166963755
0848_02,0.988710635769459
9064_01,0.27807486631016
8552_02,0.0457516339869281
9066_01,0.117052881758764
0851_01,0.240641711229947
8604_01,0.110516934046346
8616_02,0.996434937611408
8616_01,0.229352346999406
8637_01,1
8642_01,0.269756387403446
9189_01,0.431372549019608
9190_01,0.202614379084967
8659_01,0.221628045157457
9222_01,0.979203802733215
8681_02,0.984551396316102
8681_03,0.988116458704694
8701_01,0.0730837789661319
9248_01,0.560903149138443
9251_01,0.979203802733215
8727_01,0.167557932263815
8728_01,0.142602495543672
0076_01,0.534165181224005
8736_01,0.998811645870469
8750_01,0.61319073083779
8766_01,0.997029114676174
8791_01,0.407011289364231
8824_01,0.142602495543672
8836_01,0.161616161616162
8860_03,0.995840760546643
8955_01,0.431372549019608
8956_06,0.174688057040998
8956_01,0.203802733214498
9030_01,0.0724896019013666
0994_02,0.0790255496137849
9077_01,0.60427807486631
9080_01,0.148544266191325
9081_05,0.499702911467617
9081_02,0.30600118835413
0997_01,0.414141414141414
9097_01,0.972667855020796
9101_01,0.14913844325609
9115_01,0.160427807486631
9231_01,0.983363042186572
9231_02,0.956030897207368
0911_02,0.197860962566845
1015_01,0.133095662507427
0099_01,0.586452762923351
1017_01,0.108140225787285
0925_02,0.992869875222816
1046_01,0.135472370766488
0091_02,0.52465834818776
1027_04,0.92156862745098
1108_01,0.305407011289364
1152_01,0.525252525252525
1094_01,0.0808080808080808
1180_01,0.462863933452169
1187_01,0.292335115864528
1121_01,0.148544266191325
0102_01,0.247177658942365
1155_01,0.382650029708853
1182_01,0.984551396316102
1235_01,0.516339869281046
1192_01,0.271538918597742
0115_01,0.481877599524658
1225_01,0.476530005941771
1263_01,0.053475935828877
1236_01,0.212121212121212
1326_01,0.0730837789661319
1326_02,0.127153891859774
1287_02,0.982768865121806
1293_01,0.0885323826500297
1353_03,0.988710635769459
1323_01,0.812240047534165
1379_01,0.0606060606060606
1393_02,0.100415923945336
1421_01,0.329768270944742
1407_01,0.163992869875223
1439_01,0.120023767082591
1440_01,0.183006535947712
1430_01,0.764705882352941
1460_01,0.51455733808675
1499_01,0.166369578134284
1507_04,0.184789067142008
1525_01,0.16815210932858
1564_01,0.986928104575163
1561_01,0.0784313725490196
1562_01,0.235294117647059
1655_01,0.156862745098039
1581_01,0.893048128342246
1584_01,0.150326797385621
1669_02,0.939393939393939
0152_01,0.171122994652406
1615_01,0.0374331550802139
1635_01,0.0528817587641117
1647_01,0.0558526440879382
1725_01,0.165181224004753
1682_01,0.914438502673797
1687_01,0.155080213903743
1690_01,0.168746286393345
1769_01,0.906120023767083
1811_02,0.115864527629234
1817_01,0.248960190136661
1826_01,0.437314319667261
1792_01,0.117647058823529
1836_01,0.0546642899584076
1941_01,0.268568033273916
1866_01,0.31729055258467
1971_01,0.269756387403446
1880_01,0.200831847890671
1979_01,0.201426024955437
1991_01,0.177658942364825
1996_01,0.180629827688651
1939_01,0.071301247771836
1940_01,0.708259061200238
2034_01,0.0701128936423054
1985_01,0.935234699940582
2042_01,0.0825906120023767
2001_01,0.162210338680927
2027_01,0.390374331550802
0015_01,0.23767082590612
2073_01,0.12774806892454
2032_01,0.952465834818776
2075_01,0.185977421271539
0193_02,0.168746286393345
0193_03,0.919786096256685
2081_01,0.523469994058229
2096_01,0.172311348781937
2091_01,0.140819964349376
2104_02,0.724896019013666
2112_01,0.0683303624480095
2142_01,0.967320261437909
2127_01,0.0903149138443256
2143_01,0.0671420083184789
0195_01,0.515151515151515
2137_01,0.987522281639929
2159_01,0.795603089720737
2162_02,0.869875222816399
0229_01,0.259061200237671
2232_01,0.39691027926322
2193_01,0.301247771836007
0211_01,0.12893642305407
0211_02,0.995840760546643
2202_01,0.117647058823529
2234_01,0.985145573380868
2235_01,0.308377896613191
2340_01,0.457516339869281
2341_01,0.433749257278669
0213_01,0.188948306595365
2385_01,0.0796197266785502
2287_01,0.144979203802733
2426_01,0.982174688057041
2303_01,0.0451574569221628
0217_01,0.160427807486631
0244_01,0.985145573380868
0244_02,0.984551396316102
2338_02,0.0635769459298871
2339_01,0.0825906120023767
2474_01,0.964349376114082
2480_01,0.26797385620915
2483_01,0.175282234105764
2496_01,0.0992275698158051
2509_01,0.685086155674391
2369_01,0.51455733808675
2519_01,0.461081402257873
2532_02,0.987522281639929
2552_01,0.567439096850862
0016_01,0.978015448603684
2597_02,0.138443256090315
2436_01,0.20855614973262
2622_01,0.312537136066548
2449_03,0.995246583481878
0267_01,0.291740938799762
2640_01,0.200237670825906
2503_01,0.225787284610814
2708_01,0.247177658942365
2709_01,0.990493166963755
2748_01,0.25787284610814
2595_04,0.877005347593583
2595_02,0.953654188948307
2598_01,0.24777183600713
2606_02,0.254901960784314
0254_01,0.276292335115865
2631_01,0.972073677956031
2663_01,0.240641711229947
0261_01,0.242424242424242
2721_01,0.519310754604872
2724_02,0.0398098633392751
2750_01,0.131907308377897
3004_02,0.122994652406417
2769_01,0.469399881164587
3005_01,0.972667855020796
2774_02,0.640522875816993
2774_03,0.236482471776589
3032_04,0.126559714795009
3040_01,0.0427807486631016
3042_01,0.160427807486631
2797_01,0.218062982768865
3080_01,0.125965537730244
2819_01,0.127153891859774
3143_01,0.988116458704694
2920_01,0.399286987522282
3224_01,0.572192513368984
2925_02,0.990493166963755
2927_01,0.988116458704694
2940_01,0.502673796791444
2950_01,0.374925727866904
2954_01,0.191325014854427
0334_01,0.125965537730244
2965_01,0.28698752228164
3293_01,0.0742721330956625
3013_01,0.303030303030303
0337_01,0.967320261437909
3324_02,0.996434937611408
3055_01,0.0510992275698158
0283_02,0.31729055258467
3386_01,0.997029114676174
3116_01,0.379084967320261
3124_01,0.997029114676174
3124_03,0.997029114676174
3443_01,0.185383244206774
0357_01,0.228163992869875
3480_01,0.592988710635769
3163_01,0.0695187165775401
3196_01,0.387997623291741
3535_01,0.0730837789661319
3542_01,0.996434937611408
0302_01,0.152109328579917
3211_01,0.0790255496137849
0361_01,0.194295900178253
3615_02,0.587641117052882
3654_01,0.658942364824718
3654_02,0.304218657159834
0397_01,0.94949494949495
3336_01,0.997623291740939
3677_01,0.275103980986334
3688_01,0.95959595959596
3688_03,0.997029114676174
3711_03,0.997029114676174
3409_01,0.234105763517528
3719_02,0.999405822935235
3431_01,0.997623291740939
3442_01,0.230540701128936
0409_01,0.580510992275698
3768_01,0.758169934640523
3773_02,0.720142602495544
3778_01,0.0843731431966726
3484_02,0.811051693404635
3489_02,0.998217468805704
3515_02,0.998217468805704
3862_05,0.605466428995841
3868_05,0.472964943553179
3555_01,0.169340463458111
3911_01,0.10873440285205
3576_01,0.0873440285204991
3938_01,0.996434937611408
3938_03,0.997623291740939
3596_01,0.887700534759358
3607_01,1
3613_01,0.647653000594177
3631_01,0.152109328579917
4001_05,0.668449197860963
4061_02,0.992869875222816
3703_01,0.998811645870469
4116_01,0.786096256684492
3772_02,0.436720142602496
4135_01,0.128342245989305
3774_01,0.183600713012478
0437_01,0.10873440285205
3783_01,0.30718954248366
4154_01,0.978609625668449
4183_01,0.095068330362448
4197_01,0.430184194890077
4252_01,0.48425430778372
3872_01,0.994652406417112
0445_01,0.0635769459298871
3873_01,0.0701128936423054
4318_01,0.997623291740939
4324_04,0.997623291740939
4324_01,0.992275698158051
3931_01,0.130124777183601
3946_01,0.0499108734402852
4329_01,0.156268568033274
4340_01,0.695187165775401
3959_02,0.235294117647059
4358_01,0.385026737967914
3967_01,0.193107546048723
0368_01,0.653000594177065
4022_01,0.144979203802733
4109_01,0.346999405822935
4128_01,0.644087938205585
4494_01,1
4500_01,0.398098633392751
4516_01,0.376114081996435
4517_01,0.146167557932264
4140_01,0.209744503862151
4537_01,0.278669043374926
4152_01,0.0974450386215092
4550_01,0.483660130718954
4172_01,0.982174688057041
4172_06,0.978015448603684
4174_01,0.224598930481283
4577_01,0.848484848484849
4176_04,0.0920974450386215
4176_01,0.986928104575163
4184_01,0.398098633392751
4592_04,0.998811645870469
4608_01,0.116458704693999
4206_01,0.708259061200238
4218_01,0.997623291740939
4219_03,0.041592394533571
4219_01,0.998217468805704
4219_02,0.0338680926916221
0472_01,0.344622697563874
4641_01,0.279263220439691
4648_01,0.262032085561497
4239_01,0.181224004753417
4684_01,0.605466428995841
4251_01,0.0837789661319073
4256_04,0.114676173499703
4256_08,0.471182412358883
4694_01,0.699940582293524
4695_03,0.997029114676174
4720_01,0.74331550802139
4305_01,0.369578134284017
4738_01,0.34640522875817
4316_01,0.164587046939988
0503_02,0.0707070707070707
4368_01,0.994058229352347
4382_01,0.2174688057041
4390_01,1
4390_03,0.0873440285204991
4784_01,1
4815_01,0.439096850861557
4438_01,0.204991087344029
4836_02,0.809863339275104
4836_01,0.999405822935235
4448_01,0.907902554961379
4838_01,0.115270350564468
4457_01,0.247177658942365
0518_01,0.951871657754011
4472_02,0.537136066547831
4485_02,0.314319667260844
4898_01,0.197860962566845
4535_01,0.285204991087344
4923_02,0.999405822935235
4933_04,0.998811645870469
4933_01,0.987522281639929
4643_01,0.462863933452169
4999_01,0.0849673202614379
4680_02,0.995246583481878
5008_01,0.999405822935235
5020_01,0.478906714200832
5067_01,0.471776589423648
5070_01,0.500891265597148
4763_01,0.418300653594771
0431_01,0.973262032085562
0547_01,0.360071301247772
4774_03,0.053475935828877
4774_02,0.997623291740939
4803_01,0.125965537730244
5116_02,0.998811645870469
4822_01,0.997029114676174
4822_04,0.976827094474153
5127_02,0.131313131313131
4831_01,1
0550_01,0.0463458110516934
5167_01,0.196078431372549
4887_01,0.412358882947118
5192_01,1
5209_01,0.670825906120024
0017_01,0.576945929887106
0006_02,0.428995840760547
0010_01,0.339869281045752
6225_01,0.277480689245395
6256_01,0.761734997029115
0656_01,0.129530600118835
6280_01,0.76232917409388
6290_01,0.133689839572193
6250_01,0.846702317290553
6297_01,0.500297088532383
6277_01,0.969102792632204
6302_07,0.341651812240048
6302_06,0.452168746286393
6302_02,0.453951277480689
6328_01,0.795008912655972
6344_02,0.768865121806298
6344_01,0.622697563874034
6363_03,0.550207961972668
6363_06,0.604872251931075
6334_03,0.589423648247178
6334_04,0.65359477124183
0678_01,0.414735591206179
6398_01,0.695781342840166
6402_05,0.304812834224599
6402_04,0.612002376708259
6368_01,0.326797385620915
6409_01,0.0647653000594177
6390_01,0.97979797979798
6394_02,0.843731431966726
6431_03,0.650623885918004
6405_03,0.84194890077243
6444_01,0.755793226381462
6444_02,0.75222816399287
6446_02,0.929887106357695
6481_01,0.685086155674391
6485_02,0.12774806892454
6511_03,0.780748663101604
6492_01,0.953654188948307
6526_02,0.620915032679739
6540_01,0.369578134284017
6552_01,0.415329768270945
6525_03,0.890671420083185
6548_01,0.289958407605466
6563_02,0.279263220439691
6626_01,0.834224598930481
6620_01,0.364230540701129
0703_01,0.405228758169935
6654_01,0.922756981580511
6702_01,0.79263220439691
6662_02,0.945929887106358
6662_03,0.919786096256685
6668_01,0.379084967320261
0714_01,0.583481877599525
6749_01,0.603683897801545
6750_01,0.298871063576946
6763_01,0.3767082590612
6766_01,0.338086749851456
0098_02,0.639334521687463
6774_02,0.670825906120024
6816_02,0.0843731431966726
6862_02,0.348781937017231
6879_01,0.9708853238265
6925_01,0.402852049910873
6883_01,0.169934640522876
6900_01,0.947712418300654
6939_01,0.174093879976233
6982_01,0.769459298871064
6928_02,0.421271538918598
6992_01,0.357100415923945
6992_03,0.644682115270351
6937_01,0.69281045751634
7031_01,0.410576351752822
6977_01,0.855020796197267
7042_01,0.736779560308972
6985_01,0.262032085561497
0762_01,0.638740344622698
7080_01,0.767082590612002
7095_01,0.707070707070707
7040_01,0.957219251336898
7160_01,0.701128936423054
7047_01,0.966131907308378
7171_01,0.83065953654189
7069_03,0.689245395127748
7069_02,0.85204991087344
7234_01,0.0659536541889483
7168_01,0.5650623885918
0770_05,0.379679144385027
0770_06,0.430778371954843
0770_03,0.387997623291741
7270_01,0.767676767676768
7347_01,0.215686274509804
7356_01,0.70291146761735
7365_01,0.525252525252525
7277_01,0.918597742127154
7377_01,0.68270944741533
7300_01,0.779560308972074
0817_01,0.691027926322044
7391_01,0.809269162210339
7341_01,0.581699346405229
7394_01,0.315508021390374
7403_01,0.314319667260844
7360_01,0.604872251931075
0099_02,0.471776589423648
7444_01,0.576945929887106
7450_01,0.166369578134284
7486_01,0.0909090909090909
7524_02,0.598930481283422
7524_01,0.432560903149138
7573_01,0.599524658348188
7490_01,0.352941176470588
7623_01,0.0974450386215092
7533_01,0.364230540701129
7572_01,0.734997029114676
7665_01,0.560903149138443
7601_01,0.31610219845514
7688_01,0.64349376114082
7690_01,0.202020202020202
0835_01,0.199643493761141
7650_05,0.53475935828877
7656_01,0.58407605466429
7682_01,0.626856803327392
7703_02,0.419489007724302
7760_01,0.300059417706477
7805_01,0.413547237076649
7763_01,0.238265002970885
7820_01,0.581105169340463
0870_01,0.350564468211527
7841_01,0.149732620320856
7872_06,0.442067736185383
7872_04,0.429590017825312
7872_02,0.0516934046345811
7878_01,0.0837789661319073
7882_01,0.751039809863339
7849_01,0.132501485442662
7885_01,0.44503862150921
7904_01,0.491978609625668
7939_01,0.267379679144385
7954_01,0.116458704693999
7957_01,0.683303624480095
0893_01,0.636957813428402
0863_01,0.268568033273916
7981_02,0.123588829471182
7990_01,0.331550802139037
8021_01,0.32620320855615
8042_01,0.630421865715983
8046_01,0.316696375519905
8050_01,0.298276886512181
8050_02,0.342840166369578
8052_02,0.518122400475342
8077_01,0.10873440285205
8082_01,0.401663695781343
8130_03,0.633986928104575
8118_01,0.302436125965538
8157_03,0.532382650029709
8138_01,0.370172311348782
8168_05,0.209150326797386
8147_03,0.169934640522876
8186_01,0.51574569221628
8208_01,0.532976827094474
8224_01,0.644682115270351
8231_02,0.13784907902555
8238_02,0.501485442661913
0928_01,0.61437908496732
0885_01,0.418894830659537
8209_01,0.44503862150921
8282_01,0.420677361853832
8252_03,0.19845513963161
8252_02,0.324420677361854
8404_01,0.531194295900178
8277_01,0.414735591206179
8289_01,0.558526440879382
8306_02,0.581105169340463
8324_01,0.580510992275698
8459_01,0.78134284016637
8328_01,0.509803921568627
8469_01,0.524064171122995
8334_01,0.351158645276292
8486_01,0.430184194890077
8356_01,0.492572786690434
8366_04,0.117647058823529
8528_01,0.125965537730244
8427_01,0.57516339869281
8467_01,0.67260843731432
0947_01,0.218062982768865
8480_01,0.102198455139632
8493_01,0.618538324420677
8624_02,0.302436125965538
8560_01,0.513963161021985
8653_01,0.584670231729055
8664_01,0.1592394533571
8602_01,0.497920380273321
8669_02,0.338086749851456
8670_01,0.653000594177065
0084_01,0.220439691027926
0949_01,0.511586452762923
8650_01,0.552584670231729
8754_01,0.412953060011884
8691_01,0.768865121806298
0961_01,0.506238859180036
8694_02,0.226381461675579
8694_03,0.308377896613191
8728_06,0.666072489601901
8728_02,0.311942959001783
8734_01,0.585264408793821
8789_01,0.606060606060606
8796_04,0.358882947118241
8796_01,0.297682709447415
0970_01,0.510992275698158
8818_01,0.72192513368984
8819_01,0.106951871657754
8820_01,0.658348187759953
8886_01,0.415329768270945
8856_01,0.69281045751634
8903_01,0.22756981580511
8883_01,0.381461675579323
0951_01,0.525252525252525
8944_01,0.604872251931075
8944_02,0.667260843731432
8988_04,0.355317884729649
8988_01,0.452762923351159
8988_08,0.404634581105169
0982_02,0.314913844325609
0955_01,0.625668449197861
8923_01,0.232917409387998
8956_02,0.541295306001188
0989_01,0.382650029708853
9074_04,0.324420677361854
9013_03,0.518122400475342
9013_02,0.205585264408794
9076_01,0.398098633392751
9018_01,0.125965537730244
9028_01,0.190730837789661
9094_01,0.817587641117053
9036_01,0.442067736185383
9148_01,0.158645276292335
9077_02,0.689245395127748
9081_07,0.493761140819964
9157_06,0.452762923351159
9174_01,0.382650029708853
1011_01,0.0766488413547237
9193_01,0.470588235294118
9219_01,0.273321449792038
9253_01,0.499108734402852
9179_03,0.628639334521687
9179_01,0.525846702317291
9234_01,0.251931075460487
9272_01,0.336898395721925
0988_01,0.54486036838978
1024_04,0.730243612596554
1032_01,0.732620320855615
0994_01,0.39572192513369
1033_01,0.293523469994058
1077_01,0.175282234105764
1085_01,0.263814616755793
1086_01,0.60308972073678
1060_01,0.186571598336304
1088_01,0.588829471182412
0134_01,0.508021390374332
1136_01,0.458704693998812
1149_03,0.67260843731432
1210_01,0.361259655377302
0138_01,0.710635769459299
0103_03,0.607843137254902
1212_01,0.0784313725490196
1186_02,0.354723707664884
1186_01,0.548425430778372
1211_03,0.314913844325609
0108_01,0.491384432560903
1282_01,0.638740344622698
1267_01,0.535947712418301
1307_01,0.441473559120618
1289_01,0.210932857991682
1322_01,0.281639928698752
1328_01,0.349970291146762
1335_01,0.519310754604872
1324_01,0.593582887700535
1351_01,0.154486036838978
1340_01,0.380273321449792
1350_04,0.538918597742127
1356_01,0.260843731431967
1375_01,0.54486036838978
1384_02,0.419489007724302
1389_01,0.48425430778372
1385_01,0.191919191919192
1402_02,0.520499108734403
1398_01,0.410576351752822
1401_01,0.294711824123589
1416_01,0.332144979203803
1433_01,0.399286987522282
1425_02,0.630421865715983
1442_01,0.442067736185383
1431_01,0.100415923945336
1447_01,0.23767082590612
1507_03,0.212121212121212
1465_01,0.398692810457516
1524_01,0.329768270944742
1491_03,0.716577540106952
1552_01,0.535353535353535
1533_01,0.0588235294117647
1544_01,0.247177658942365
1558_01,0.126559714795009
1624_02,0.206179441473559
1630_02,0.673202614379085
1636_01,0.248366013071895
1603_03,0.323826500297089
1603_02,0.581699346405229
0179_01,0.373143196672608
0179_02,0.6524064171123
1681_01,0.0516934046345811
1694_01,0.778371954842543
1695_01,0.0837789661319073
1738_02,0.601901366607249
1670_01,0.161616161616162
0181_01,0.275103980986334
1740_01,0.213309566250743
1685_02,0.445632798573975
1758_01,0.117647058823529
1710_01,0.480095068330362
1768_01,0.0612002376708259
1719_01,0.625074272133096
1776_01,0.462863933452169
1800_05,0.527629233511586
1844_03,0.592394533571004
0192_02,0.420083184789067
1865_01,0.610814022578728
1865_03,0.132501485442662
1865_04,0.610814022578728
1818_01,0.408793820558526
1899_01,0.387403446226976
1821_01,0.157456922162805
1902_01,0.111111111111111
1822_01,0.293523469994058
0171_01,0.465834818775995
1935_01,0.814022578728461
1961_01,0.071301247771836
0190_01,0.538324420677362
2024_01,0.39691027926322
2003_01,0.0915032679738562
2026_01,0.531788472964944
2026_02,0.780748663101604
2060_01,0.108140225787285
2066_01,0.412358882947118
2055_06,0.611408199643494
2059_01,0.193701723113488
2121_01,0.530600118835413
2123_02,0.771836007130125
2128_01,0.0849673202614379
2154_01,0.111111111111111
2175_01,0.403446226975639
2186_01,0.682115270350565
2173_01,0.600118835412953
2189_01,0.0261437908496732
2221_01,0.64349376114082
2253_01,0.165181224004753
0219_01,0.582887700534759
2252_01,0.224004753416518
2258_01,0.511586452762923
2291_01,0.413547237076649
2272_01,0.431966726084373
2305_01,0.531194295900178
2296_01,0.29708853238265
0220_01,0.544266191325015
0243_01,0.72311348781937
2316_01,0.71301247771836
2321_01,0.632204396910279
2347_06,0.19726678550208
2347_05,0.494949494949495
2353_01,0.199049316696376
2384_04,0.27688651218063
2384_02,0.666072489601901
2384_05,0.461081402257873
2389_01,0.0338680926916221
2396_02,0.0849673202614379
2397_01,0.359477124183007
2402_01,0.430778371954843
2424_01,0.80273321449792
2470_02,0.095068330362448
2456_01,0.571004159239453
2491_01,0.221628045157457
2548_01,0.0861556743909685
2552_03,0.400475341651812
0303_01,0.361259655377302
2545_01,0.471182412358883
2560_01,0.580510992275698
2582_01,0.105169340463458
2588_01,0.4349376114082
2636_01,0.12893642305407
2590_02,0.253713606654783
2641_01,0.667260843731432
2648_01,0.124183006535948
2655_01,0.389185977421272
2625_01,0.449197860962567
2703_01,0.366013071895425
2642_01,0.179441473559121
2732_01,0.572786690433749
2732_02,0.300653594771242
2720_02,0.177658942364825
2762_01,0.156862745098039
2762_02,0.354723707664884
2752_01,0.169340463458111
2772_01,0.0564468211527035
2781_01,0.489007724301842
2799_01,0.0641711229946524
2788_01,0.523469994058229
0322_01,0.414735591206179
2822_04,0.349970291146762
2822_05,0.590017825311943
2807_03,0.783719548425431
2820_01,0.256090314913844
2881_01,0.2465834818776
0283_01,0.532976827094474
2891_01,0.595365418894831
2908_01,0.594771241830065
2852_01,0.0600118835412953
2880_01,0.586452762923351
2892_05,0.206179441473559
2892_03,0.644682115270351
2944_04,0.456922162804516
2944_03,0.734997029114676
0326_01,0.505050505050505
2902_01,0.431966726084373
3006_01,0.221628045157457
2943_01,0.464646464646465
3032_01,0.330362448009507
3067_01,0.368983957219251
3100_03,0.780748663101604
2969_01,0.152109328579917
3119_01,0.270944741532977
3121_01,0.308972073677956
3149_01,0.279263220439691
3149_02,0.544266191325015
3152_01,0.6524064171123
3061_02,0.0659536541889483
3068_01,0.177658942364825
3082_01,0.674985145573381
3195_05,0.579916815210933
3195_01,0.479500891265597
0365_01,0.241235888294712
3118_01,0.554367201426025
3133_01,0.407011289364231
3136_01,0.228163992869875
3273_01,0.629827688651218
3206_01,0.243612596553773
3211_03,0.718954248366013
3299_01,0.238859180035651
3241_01,0.503862150920974
3301_01,0.496137849079026
3327_01,0.14795008912656
3258_01,0.393345216874629
3270_01,0.226975638740345
3271_01,0.525252525252525
3343_01,0.549613784907903
3274_01,0.426619132501485
3289_01,0.429590017825312
3359_01,0.470588235294118
3365_01,0.481877599524658
3381_01,0.786096256684492
3325_01,0.45632798573975
3397_01,0.404040404040404
3405_03,0.393345216874629
3352_01,0.629233511586453
0383_02,0.686274509803922
0383_01,0.0873440285204991
3363_03,0.55496137849079
3437_01,0.294711824123589
3446_01,0.680926916221034
3403_01,0.330956625074272
3468_01,0.736185383244207
3518_01,0.856803327391563
3453_01,0.665478312537136
3461_01,0.33749257278669
3476_02,0.645870469399881
3476_03,0.601901366607249
3570_01,0.442067736185383
3504_01,0.793820558526441
3519_02,0.764111705288176
3520_02,0.590612002376708
3600_01,0.872846108140226
3615_01,0.377896613190731
3582_01,0.0956625074272133
3626_01,0.94949494949495
0396_01,0.531788472964944
3665_01,0.829471182412359
3650_01,0.815210932857992
3674_01,0.236482471776589
3710_03,0.600118835412953
3710_01,0.358882947118241
3715_01,0.636363636363636
3715_04,0.583481877599525
3755_02,0.639928698752228
3739_01,0.237076648841355
3772_01,0.344622697563874
3807_01,0.85086155674391
3826_01,0.0457516339869281
3830_01,0.3767082590612
0436_01,0.244800950683304
3868_06,0.305407011289364
3868_07,0.527035056446821
3890_01,0.786096256684492
3897_01,0.906120023767083
3904_01,0.458110516934046
3907_01,0.853238265002971
0382_01,0.128342245989305
3922_01,0.654188948306595
3942_01,0.945335710041592
3959_01,0.127153891859774
3971_01,0.391562685680333
3980_01,0.541889483065954
3995_05,0.38562091503268
4005_07,0.294117647058824
4010_01,0.898395721925134
4001_07,0.419489007724302
4032_01,0.528817587641117
4030_04,0.759952465834819
4035_01,0.705288175876411
4037_01,0.778966131907308
4046_01,0.69281045751634
4065_01,0.0718954248366013
4078_01,0.864527629233512
4058_01,0.440879382055853
0462_01,0.389780154486037
4063_01,0.87106357694593
4099_01,0.582293523469994
4151_01,0.879382055852644
4189_01,0.249554367201426
4178_01,0.110516934046346
4196_01,0.92038027332145
4204_03,0.380273321449792
4246_01,0.0582293523469994
4255_01,0.661319073083779
4256_05,0.137254901960784
4256_06,0.719548425430778
4294_01,0.250742721330957
4303_02,0.527629233511586
4350_01,0.924539512774807
4403_02,0.163992869875223
4364_01,0.866310160427808
4411_01,0.523469994058229
4413_01,0.12774806892454
4399_01,0.313725490196078
4437_01,0.928104575163399
4404_01,0.418894830659537
4452_01,0.957813428401664
4432_01,0.755199049316696
4433_01,0.871657754010695
4474_01,0.853238265002971
4474_02,0.939988116458705
4482_01,0.699346405228758
4482_05,0.571598336304219
4459_01,0.898989898989899
4472_01,0.819964349376114
4498_05,0.607843137254902
4498_07,0.435531788472965
4515_02,0.805109922756982
4518_01,0.171122994652406
4539_01,0.812834224598931
4565_01,0.284610814022579
4597_01,0.596553773024361
4593_01,0.572786690433749
4596_01,0.90136660724896
4635_01,0.648247177658942
4661_02,0.562685680332739
4620_01,0.950089126559715
4672_01,0.843137254901961
4656_02,0.480689245395128
4691_01,0.259061200237671
4739_01,0.106357694592989
4746_01,0.573380867498515
4769_01,0.961378490790256
4823_01,0.299465240641711
4773_01,0.0873440285204991
4828_01,0.261437908496732
4777_01,0.935234699940582
0520_01,0.27688651218063
4797_01,0.887106357694593
4864_01,0.101010101010101
4870_01,0.50564468211527
4879_01,0.156268568033274
4901_01,0.489007724301842
4850_02,0.387997623291741
4889_01,0.395127748068925
4890_01,0.462269756387403
4899_02,0.563279857397504
4937_01,0.137254901960784
4980_02,0.395127748068925
4956_01,0.956030897207368
5018_01,0.614973262032086
5023_01,0.139631610219846
4975_01,0.885918003565062
5036_01,0.855614973262032
4981_02,0.627450980392157
4987_01,0.144979203802733
4998_01,0.912655971479501
0531_01,0.771836007130125
5090_02,0.709447415329768
5090_06,0.587046939988116
5108_01,0.60308972073678
5044_01,0.383838383838384
0537_01,0.105763517528223
5160_01,0.258467023172906
5104_01,0.745692216280452
5182_01,0.588829471182412
5188_03,0.746880570409982
5206_01,0.762923351158645
5238_01,0.922162804515746
5205_03,0.778966131907308
5205_02,0.799168152109329
0579_02,0.281639928698752
5279_01,0.27688651218063
5303_04,0.55377302436126
5303_05,0.622103386809269
5264_01,0.969102792632204
0577_01,0.27688651218063
5333_01,0.335115864527629
5300_01,0.851455733808675
5355_02,0.684491978609626
5334_01,0.929292929292929
5414_05,0.693998811645871
5390_02,0.957219251336898
5430_01,0.587046939988116
5434_01,0.623885918003565
5485_01,0.0528817587641117
5477_01,0.120617944147356
5527_03,0.573380867498515
5527_04,0.798573975044563
5514_02,0.818775995246584
5514_04,0.779560308972074
5569_01,0.620915032679739
5526_02,0.810457516339869
5545_01,0.507427213309566
5545_02,0.811051693404635
5627_01,0.362448009506833
0092_01,0.602495543672014
0092_03,0.508615567439097
0590_01,0.19726678550208
5650_01,0.0552584670231729
5653_01,0.726678550207962
5601_02,0.532976827094474
5614_01,0.869875222816399
5671_01,0.471182412358883
0614_01,0.273321449792038
5714_05,0.556743909685086
5662_01,0.904337492572787
5719_01,0.311348781937017
0615_01,0.298276886512181
5679_02,0.885918003565062
5695_01,0.975638740344623
5722_01,0.149732620320856
0623_01,0.418300653594771
5739_01,0.973856209150327
5744_01,0.800950683303625
5758_01,0.994652406417112
5810_01,0.815805109922757
5813_01,0.866904337492573
5822_01,0.582293523469994
5828_01,0.244800950683304
5812_06,0.749851455733809
5812_02,0.559120617944147
5840_01,0.787284610814023
5835_01,0.915626856803327
5874_01,0.851455733808675
5885_08,0.70291146761735
5891_01,0.795008912655972
5906_01,0.174688057040998
5921_01,0.829471182412359
5922_01,0.352346999405823
5909_03,0.910873440285205
5967_03,0.757575757575758
5995_01,0.845513963161022
0657_02,0.363636363636364
5945_03,0.230540701128936
5969_03,0.812834224598931
5969_01,0.947712418300654
6020_03,0.430184194890077
0645_01,0.101604278074866
0659_01,0.490196078431373
6032_03,0.968508615567439
6047_01,0.342840166369578
6091_01,0.820558526440879
0660_01,0.667260843731432
4863_01,0.156862745098039
7930_01,0.486631016042781
0012_01,0.588235294117647
1134_01,0.98098633392751
0715_01,0.983363042186572
3981_01,0.416518122400475
6451_01,0.2465834818776
8437_01,0.251336898395722
6385_01,0.353535353535354
4652_01,0.755199049316696
1095_01,0.998811645870469
2144_01,0.437908496732026
2926_01,0.16815210932858
0833_01,0.991681521093286
8375_01,0.109922756981581
1022_01,0.0849673202614379
1613_01,0.141414141414141
7182_01,0.173499702911468
6265_01,0.241830065359477
4447_01,0.716577540106952
2970_01,0.19845513963161
4270_01,0.201426024955437
6652_01,0.177064765300059
4397_01,0.866904337492573
4134_01,0.995246583481878
1198_01,0.541889483065954
